簡単さ・手軽さ,秘匿性,お金,強烈,恐怖,人,希少性,新しさ・古さ,証拠,数,時間,名称,性
サラリーマン向き,公開,現金,密接な,破産,重鎮,一縷の望み,NEO,大義名分,オンパレード,Xデー,クラブ,セックス
平均以下,伝授,現ナマ,親密な,ホームレス,詐欺師,1mm,ニュー,裏付け,オンリー,突如,講座,SEX
世帯持ち,暴露,預金残高,綿密な,職を失う,匿名,唯一,ネクスト,DNA,ワンパターン,刻一刻,スクール,レイプ
中年,技術,資産,本質的な,離婚,職業,業界初,バーチャル,アリバイ,天文学的,電光石火,フォーミュラ,強姦
ド素人,原則,入金,強引な,離婚要求,支配者,世界初,人工知能,痕跡,無限大,不朽不滅,塾,輪姦
知識ゼロ,テクニック,収入,圧倒的,一家離散,奴隷,歴史的瞬間,AI,保証書,無尽蔵,千載一遇,サロン,ビクンビクン
初心者,スキル,売上げ,最愛の,植物人間,億万長者,ツチノコ,テクノロジー,証明,人海戦術,未曾有,ファミリー,オナニー
凡人,法則,振込み,円滑,半身不随,第一人者,未確認,亜流,客観的立証,銀河,短期集中,サークル,美人大国
無名,神髄,報酬,合法的,入院,マニア,唯一無二,二番煎じ,証明書,雨後の筍,四六時中,プロジェクト,快感
実績ゼロ,方程式,ボーナス,驚愕,病気,カリスマ,レア,次世代の,形跡,ひっきりなし,一期一会,マスターズ,チョメチョメ
コントロール,家宝,臨時収入,脅威,入退院,フィクサー,S級,江戸時代から伝わる,免罪符,果てしない,瞬時,マスタリー,穴
支配,伝家の宝刀,賞与,劇的,意識不明,オーナー,プレミアム,古来,研究データ,満載,一瞬,コミュニティ,絶倫
一括管理,秘密,継続収入,衝動,老衰,メンター,千に一つ,伝承された,統計データ,99.99%,カウントダウン,ギルド,精力
自動ツール,錬金術,安定収入,衝撃,慰謝料,マフィア,万に一つ,継承された,調査結果,10中8つ,永劫回帰,THE●●,イチャイチャ
不労所得,門外不出,札束,凶悪,孤独,ギャング,億に一つ,最前線,モニター,無数,急ピッチ,桃源郷,ペロペロ
印税,全知全能,銀行口座,非道徳,孤独死,シンデレラボーイ,枯渇寸前,パラダイムシフト,特許取得済み,数多,即座,アカデミー,いちもつ
インカムゲイン,トップシークレット,通帳,異常な,悪魔,エキスパート,国宝級,前人未到,特許出願中,幾多,タイムリミット,アカデミア,インサート
不労収入,プライバシー,桁,本能,麻薬,ドン,入手困難,歴史的,医学的根拠,万に一つ,先着順,ラボ,オーガズム
差し出す,非公開,大金,実証,崩壊,ボス,秘宝,新感覚,医師推奨,億に一つ,期間限定,ラボラトリー,おちんちん
ダウンロード,隠蔽,キャッシュ,卑劣な,詐欺,天下人,コレクターズアイテム,新機軸,専門家監修,ごまんと,人数限定,ネットワーク,生娘
インストール,オフレコ,全財産,インサイダー,腐敗,金の卵,スペシャルエディション,先人の智慧,政府公認,ウジャウジャ,0:00:00,ファーム,元気汁
インプット,スパイ,ATM,フィクション,借金地獄,著名人,ハンドメイド,叡智,ウワサ,てんこ盛り,ギリギリ,ファクトリー,SM
ワンタッチ,一子相伝,一獲千金,究極の,被害,帝王,入手困難,新次元,体験談,玉石混淆,24/7（24時間365日）,研究所,サド
設計図,裏口入学,配当金,科学的,法律スレスレ,名将,限定生産,革命,太鼓判,一握り,一刻の猶予,研究室,マゾ
テンプレート,ゴーストライター,贈呈,稀代の,凶悪事件,黒幕,限定モデル,未開拓,お墨付き,稀有,大詰め,ランド,ドM
メソッド,ブラックボックス,ゴールドラッシュ,ノーベル賞級,自殺,覇者,期間限定,時代遅れ,真贋鑑定,一欠片,ヤマ場,ワールド,ドS
洗脳,機密ファイル,アンダーグラウンドマネー,怒涛,思考停止,ウィナー,特別仕様,中年オヤジ,裏付け調査,大海の一滴,クライマックス,ユートピア,3P
ワンクリック,ステルス,リッチ,空前絶後,消滅,マッドサイエンティスト,今世紀最後,ゲームチェンジャー,裏取り,焼け石に水,忙殺,ユニオン,自慰
一瞬,禁断,ハイクラス,最新鋭,警告,パイオニア,ラストワン,型破り,証言,少数精鋭,分刻み,アトリエ,オナニー
タダ,隠密,チャリンチャリン,覆す,血液,主人公,廃盤,転換点,検証プロセス,屈指,瀬戸際,ゼミ,マスターベーション
無料,地下,金塊,変貌,中毒,マスター,絶版,ニューウェーブ,検証メカニズム,ごぼう抜き,正念場,ユニバーシティ,チェリーボーイ
出来レース,特権階級,インゴット,異次元の,降伏,大富豪,記念モデル,斬新,追跡システム,,,カレッジ,童貞
エスカレーター式,守秘義務,インカムゲイン,維新,墜落,成功者,アニバーサリー,メタモルフォーゼ,,,,ZAP,床上手
後出しジャンケン,秘密保持契約,キャピタルゲイン,降臨,失墜,セレブ,免許皆伝,時代の趨勢,,,,シンジケート,ディープ
極楽浄土,陰謀,巨額,熱狂的,根源,VIP,人類史上初,世界の潮流,,,,エキスパート,人妻
スリータップ,潜入,分配金,遺伝子レベル,終止符,勝ち組,口伝,一新,,,,,ビンビン
才能不要,闇営業,配当金,卑怯な,終焉,負け組,奥義,新機軸,,,,,ジュルジュル
センス不要,闇取引,小銭,獅子奮迅,極悪非道,勝者,秘伝書,ブレイクスルー,,,,,ズル剥け
,ディーラー,ワンコイン,一騎当千,自暴自棄,敗者,真髄,ファイナル,,,,,生
,もみ消し,,起死回生,魑魅魍魎,貴族,免許皆伝,決定版,,,,,ナマ
,模造品,,国士無双,引導を渡す,地主,一子相伝,完全版,,,,,クチュクチュ
,贋作,,百戦錬磨,疑心暗鬼,財閥,人間国宝,,,,,,ジュプジュプ
,真贋鑑定,,風林火山,全身チューブ,オーナー,,,,,,,ぬぷぬぷ
,インサイダー,,全身全霊,集中治療室,ペーペー,,,,,,,グショグショ
,隠蔽工作,,天下無双,悪性腫瘍,ヒヨッコ,,,,,,,あんあん
,情報操作,,一刀両断,カルト教団,赤ん坊,,,,,,,ちゅぱちゅぱ
,箝口令,,先手必勝,社会のゴミ,素人,,,,,,,ズボズボ
,もみ消し,,一世風靡,DQN,雑魚,,,,,,,もっこり
,八百長,,ドーパミン,ごろつき連中,,,,,,,,ビンビン
,,,,悪党,,,,,,,,ヌルヌル
,,,,掃き溜め,,,,,,,,イチャイチャ
,,,,前科,,,,,,,,シコシコ
,,,,内容証明,,,,,,,,我慢汁
,,,,致死量,,,,,,,,くぱぁ
,,,,労働基準法違反,,,,,,,,ムクムク
,,,,リストカット,,,,,,,,破廉恥
,,,,生命維持,,,,,,,,抜く
,,,,地獄絵図,,,,,,,,
,,,,顔面蒼白,,,,,,,,
,,,,絶望の淵,,,,,,,,
,,,,負の連鎖,,,,,,,,
,,,,カウントダウン,,,,,,,,
,,,,修羅場,,,,,,,,
,,,,八方塞がり,,,,,,,,
,,,,阿鼻叫喚,,,,,,,,
,,,,戦慄,,,,,,,,
,,,,頭蓋骨,,,,,,,,
,,,,奈落の底,,,,,,,,